freq,s11,s21,s12,s22
6.000E8,-6.121,36.255,-67.142,-31.582
6.020E8,-6.216,36.297,-67.571,-31.648
6.040E8,-6.308,36.340,-70.081,-31.607
6.060E8,-6.407,36.381,-65.698,-31.670
6.080E8,-6.499,36.422,-71.883,-31.468
6.100E8,-6.602,36.463,-66.501,-31.624
6.120E8,-6.704,36.502,-64.869,-31.720
6.140E8,-6.798,36.543,-67.259,-31.483
6.160E8,-6.902,36.582,-67.139,-31.493
6.180E8,-7.015,36.622,-66.530,-31.571
6.200E8,-7.118,36.660,-65.945,-31.511
6.220E8,-7.225,36.698,-65.363,-31.505
6.240E8,-7.332,36.738,-66.703,-31.428
6.260E8,-7.441,36.774,-67.526,-31.356
6.280E8,-7.561,36.810,-67.703,-31.426
6.300E8,-7.676,36.848,-70.584,-31.352
6.320E8,-7.783,36.884,-65.404,-31.375
6.340E8,-7.905,36.919,-70.564,-31.295
6.360E8,-8.025,36.953,-67.553,-31.216
6.380E8,-8.137,36.986,-67.138,-31.328
6.400E8,-8.261,37.021,-69.245,-31.229
6.420E8,-8.387,37.054,-65.503,-31.054
6.440E8,-8.513,37.085,-65.612,-31.144
6.460E8,-8.662,37.118,-69.752,-31.146
6.480E8,-8.785,37.147,-67.454,-31.190
6.500E8,-8.923,37.177,-66.489,-31.089
6.520E8,-9.074,37.203,-62.395,-31.151
6.540E8,-9.249,37.227,-66.961,-31.067
6.560E8,-9.422,37.243,-64.645,-31.060
6.580E8,-9.652,37.248,-67.200,-30.994
6.600E8,-9.836,37.237,-65.152,-30.990
6.620E8,-9.915,37.237,-68.255,-30.969
6.640E8,-9.906,37.278,-66.834,-30.930
6.660E8,-9.927,37.332,-65.984,-30.994
6.680E8,-10.009,37.385,-65.376,-30.984
6.700E8,-10.108,37.426,-66.211,-30.959
6.720E8,-10.253,37.464,-65.138,-30.984
6.740E8,-10.383,37.497,-67.504,-30.951
6.760E8,-10.511,37.527,-68.636,-30.959
6.780E8,-10.663,37.554,-64.650,-31.009
6.800E8,-10.796,37.582,-66.477,-30.892
6.820E8,-10.940,37.607,-64.905,-30.950
6.840E8,-11.085,37.632,-65.301,-30.851
6.860E8,-11.230,37.658,-65.328,-30.764
6.880E8,-11.387,37.681,-64.821,-30.834
6.900E8,-11.530,37.706,-65.335,-30.863
6.920E8,-11.674,37.730,-67.365,-30.840
6.940E8,-11.829,37.753,-66.988,-30.894
6.960E8,-11.957,37.776,-66.772,-30.656
6.980E8,-12.109,37.796,-63.754,-30.729
7.000E8,-12.245,37.819,-65.655,-30.633
7.020E8,-12.380,37.840,-63.672,-30.580
7.040E8,-12.526,37.861,-65.999,-30.707
7.060E8,-12.702,37.880,-64.106,-30.713
7.080E8,-12.816,37.900,-63.623,-30.504
7.100E8,-12.963,37.920,-64.886,-30.640
7.120E8,-13.099,37.939,-63.665,-30.577
7.140E8,-13.240,37.957,-64.476,-30.492
7.160E8,-13.375,37.976,-65.426,-30.536
7.180E8,-13.496,37.994,-63.449,-30.482
7.200E8,-13.634,38.011,-65.083,-30.550
7.220E8,-13.757,38.028,-63.218,-30.360
7.240E8,-13.877,38.044,-62.927,-30.329
7.260E8,-14.004,38.060,-64.390,-30.449
7.280E8,-14.118,38.076,-64.721,-30.230
7.300E8,-14.232,38.092,-61.689,-30.217
7.320E8,-14.328,38.107,-62.965,-30.298
7.340E8,-14.450,38.123,-64.458,-30.240
7.360E8,-14.521,38.138,-62.415,-30.284
7.380E8,-14.631,38.153,-62.889,-30.261
7.400E8,-14.718,38.168,-62.990,-30.152
7.420E8,-14.790,38.180,-65.523,-30.193
7.440E8,-14.881,38.194,-63.570,-30.062
7.460E8,-14.934,38.207,-62.603,-30.062
7.480E8,-14.988,38.220,-63.310,-30.160
7.500E8,-15.021,38.233,-62.412,-30.056
7.520E8,-15.097,38.246,-63.069,-30.010
7.540E8,-15.146,38.258,-62.995,-29.900
7.560E8,-15.182,38.269,-62.764,-29.861
7.580E8,-15.195,38.279,-63.029,-29.892
7.600E8,-15.216,38.292,-63.959,-29.836
7.620E8,-15.216,38.303,-63.768,-29.822
7.640E8,-15.227,38.314,-63.086,-29.728
7.660E8,-15.232,38.324,-61.353,-29.677
7.680E8,-15.204,38.335,-63.907,-29.712
7.700E8,-15.181,38.346,-64.477,-29.672
7.720E8,-15.164,38.353,-62.969,-29.633
7.740E8,-15.139,38.364,-63.291,-29.630
7.760E8,-15.114,38.373,-64.631,-29.623
7.780E8,-15.059,38.382,-62.212,-29.518
7.800E8,-15.013,38.391,-63.727,-29.523
7.820E8,-14.966,38.401,-63.949,-29.492
7.840E8,-14.906,38.409,-63.147,-29.397
7.860E8,-14.846,38.417,-62.549,-29.343
7.880E8,-14.777,38.425,-62.461,-29.306
7.900E8,-14.717,38.432,-63.091,-29.234
7.920E8,-14.637,38.439,-63.788,-29.189
7.940E8,-14.568,38.449,-60.833,-29.187
7.960E8,-14.487,38.456,-63.260,-29.195
7.980E8,-14.411,38.463,-62.521,-29.097
8.000E8,-14.321,38.470,-62.614,-29.105
8.020E8,-14.243,38.477,-61.423,-28.991
8.040E8,-14.157,38.483,-61.005,-28.899
8.060E8,-14.064,38.490,-62.373,-28.899
8.080E8,-13.984,38.497,-63.583,-28.922
8.100E8,-13.904,38.501,-63.118,-28.780
8.120E8,-13.810,38.509,-64.066,-28.774
8.140E8,-13.700,38.513,-61.269,-28.654
8.160E8,-13.625,38.521,-62.392,-28.620
8.180E8,-13.522,38.527,-61.048,-28.563
8.200E8,-13.422,38.532,-61.247,-28.515
8.220E8,-13.344,38.537,-61.138,-28.488
8.240E8,-13.243,38.540,-60.654,-28.370
8.260E8,-13.147,38.547,-60.303,-28.275
8.280E8,-13.065,38.552,-61.147,-28.298
8.300E8,-12.972,38.556,-60.601,-28.236
8.320E8,-12.871,38.560,-60.588,-28.195
8.340E8,-12.780,38.565,-62.394,-28.226
8.360E8,-12.690,38.570,-62.003,-28.146
8.380E8,-12.595,38.575,-61.603,-28.101
8.400E8,-12.511,38.579,-61.916,-28.065
8.420E8,-12.416,38.583,-61.317,-27.963
8.440E8,-12.337,38.587,-59.584,-27.784
8.460E8,-12.234,38.590,-61.557,-27.871
8.480E8,-12.159,38.595,-62.085,-27.834
8.500E8,-12.073,38.599,-60.087,-27.648
8.520E8,-11.994,38.602,-62.252,-27.674
8.540E8,-11.906,38.606,-61.594,-27.689
8.560E8,-11.822,38.610,-61.406,-27.633
8.580E8,-11.738,38.614,-61.422,-27.572
8.600E8,-11.658,38.615,-61.805,-27.486
8.620E8,-11.578,38.622,-61.390,-27.439
8.640E8,-11.502,38.622,-62.031,-27.407
8.660E8,-11.424,38.627,-61.859,-27.387
8.680E8,-11.350,38.630,-62.252,-27.307
8.700E8,-11.268,38.634,-60.546,-27.175
8.720E8,-11.199,38.637,-61.441,-27.162
8.740E8,-11.123,38.640,-61.284,-27.106
8.760E8,-11.061,38.643,-61.486,-27.077
8.780E8,-10.969,38.646,-60.151,-26.980
8.800E8,-10.909,38.647,-60.969,-26.972
8.820E8,-10.849,38.651,-61.526,-27.000
8.840E8,-10.752,38.652,-60.169,-26.851
8.860E8,-10.703,38.655,-61.617,-26.804
8.880E8,-10.613,38.658,-59.498,-26.699
8.900E8,-10.564,38.659,-59.743,-26.668
8.920E8,-10.500,38.662,-60.898,-26.674
8.940E8,-10.425,38.665,-59.765,-26.534
8.960E8,-10.370,38.668,-60.192,-26.533
8.980E8,-10.304,38.669,-59.752,-26.436
9.000E8,-10.237,38.672,-60.068,-26.393
9.020E8,-10.191,38.673,-60.060,-26.409
9.040E8,-10.129,38.676,-60.543,-26.332
9.060E8,-10.058,38.678,-59.701,-26.204
9.080E8,-10.003,38.681,-59.332,-26.134
9.100E8,-9.956,38.683,-60.054,-26.262
9.120E8,-9.902,38.685,-60.408,-26.190
9.140E8,-9.849,38.687,-59.478,-26.095
9.160E8,-9.789,38.690,-60.486,-26.020
9.180E8,-9.739,38.691,-59.066,-25.880
9.200E8,-9.688,38.694,-61.166,-25.913
9.220E8,-9.637,38.695,-59.047,-25.846
9.240E8,-9.596,38.697,-59.279,-25.763
9.260E8,-9.547,38.699,-59.008,-25.694
9.280E8,-9.499,38.703,-59.117,-25.663
9.300E8,-9.450,38.705,-60.460,-25.642
9.320E8,-9.399,38.705,-59.145,-25.654
9.340E8,-9.357,38.708,-60.421,-25.470
9.360E8,-9.311,38.710,-59.876,-25.466
9.380E8,-9.269,38.713,-59.566,-25.465
9.400E8,-9.219,38.715,-58.458,-25.410
9.420E8,-9.180,38.717,-59.649,-25.309
9.440E8,-9.139,38.718,-59.263,-25.281
9.460E8,-9.095,38.720,-58.900,-25.230
9.480E8,-9.056,38.723,-58.935,-25.190
9.500E8,-9.020,38.724,-59.933,-25.115
9.520E8,-8.983,38.727,-59.968,-25.078
9.540E8,-8.935,38.729,-58.034,-25.068
9.560E8,-8.900,38.730,-59.920,-25.010
9.580E8,-8.868,38.732,-58.885,-24.962
9.600E8,-8.817,38.735,-59.417,-24.918
9.620E8,-8.785,38.736,-58.430,-24.852
9.640E8,-8.744,38.737,-59.327,-24.817
9.660E8,-8.719,38.739,-58.909,-24.786
9.680E8,-8.677,38.741,-57.862,-24.700
9.700E8,-8.644,38.744,-59.547,-24.722
9.720E8,-8.611,38.747,-58.048,-24.541
9.740E8,-8.581,38.750,-58.241,-24.541
9.760E8,-8.551,38.750,-58.052,-24.539
9.780E8,-8.521,38.752,-57.534,-24.463
9.800E8,-8.487,38.755,-59.676,-24.490
9.820E8,-8.457,38.756,-59.075,-24.512
9.840E8,-8.428,38.759,-58.297,-24.351
9.860E8,-8.399,38.760,-58.265,-24.361
9.880E8,-8.365,38.764,-57.405,-24.320
9.900E8,-8.348,38.766,-58.094,-24.136
9.920E8,-8.320,38.767,-57.434,-24.192
9.940E8,-8.296,38.769,-58.503,-24.236
9.960E8,-8.269,38.771,-58.177,-24.123
9.980E8,-8.237,38.774,-58.085,-24.050
1.000E9,-8.217,38.775,-58.229,-23.999
1.002E9,-8.192,38.779,-57.322,-23.986
1.004E9,-8.168,38.779,-58.328,-23.933
1.006E9,-8.147,38.783,-58.197,-23.948
1.008E9,-8.120,38.785,-57.766,-23.872
1.010E9,-8.097,38.787,-57.439,-23.809
1.012E9,-8.076,38.790,-56.722,-23.872
1.014E9,-8.060,38.790,-58.493,-23.729
1.016E9,-8.035,38.795,-57.231,-23.721
1.018E9,-8.016,38.797,-57.712,-23.683
1.020E9,-7.997,38.799,-57.134,-23.654
1.022E9,-7.981,38.802,-57.296,-23.598
1.024E9,-7.961,38.805,-57.880,-23.586
1.026E9,-7.944,38.806,-57.836,-23.547
1.028E9,-7.922,38.809,-57.826,-23.496
1.030E9,-7.909,38.812,-58.076,-23.446
1.032E9,-7.895,38.814,-57.261,-23.427
1.034E9,-7.877,38.817,-57.250,-23.410
1.036E9,-7.854,38.822,-56.928,-23.328
1.038E9,-7.840,38.822,-57.348,-23.321
1.040E9,-7.827,38.827,-57.466,-23.262
1.042E9,-7.812,38.831,-57.253,-23.228
1.044E9,-7.795,38.834,-57.798,-23.211
1.046E9,-7.780,38.837,-57.535,-23.105
1.048E9,-7.772,38.841,-56.922,-23.076
1.050E9,-7.755,38.844,-57.468,-23.087
1.052E9,-7.750,38.847,-55.979,-23.071
1.054E9,-7.731,38.849,-56.813,-22.970
1.056E9,-7.718,38.851,-56.620,-22.953
1.058E9,-7.708,38.856,-56.532,-22.855
1.060E9,-7.693,38.857,-56.962,-22.917
1.062E9,-7.689,38.861,-55.978,-22.903
1.064E9,-7.676,38.865,-56.363,-22.875
1.066E9,-7.669,38.867,-56.519,-22.824
1.068E9,-7.659,38.869,-56.612,-22.762
1.070E9,-7.656,38.872,-57.001,-22.732
1.072E9,-7.639,38.874,-56.180,-22.713
1.074E9,-7.642,38.878,-56.980,-22.626
1.076E9,-7.630,38.880,-57.040,-22.574
1.078E9,-7.619,38.885,-56.398,-22.628
1.080E9,-7.616,38.888,-56.827,-22.590
1.082E9,-7.611,38.890,-56.328,-22.585
1.084E9,-7.598,38.893,-55.559,-22.583
1.086E9,-7.597,38.897,-55.794,-22.538
1.088E9,-7.598,38.901,-56.559,-22.428
1.090E9,-7.586,38.902,-55.468,-22.471
1.092E9,-7.583,38.908,-55.720,-22.449
1.094E9,-7.583,38.910,-55.937,-22.417
1.096E9,-7.583,38.913,-56.141,-22.358
1.098E9,-7.582,38.917,-56.990,-22.298
1.100E9,-7.574,38.921,-56.292,-22.276
1.102E9,-7.570,38.924,-55.926,-22.270
1.104E9,-7.575,38.926,-55.494,-22.240
1.106E9,-7.578,38.930,-56.329,-22.208
1.108E9,-7.577,38.933,-56.610,-22.180
1.110E9,-7.576,38.937,-55.563,-22.145
1.112E9,-7.568,38.940,-55.297,-22.138
1.114E9,-7.569,38.944,-55.512,-22.117
1.116E9,-7.573,38.946,-55.961,-22.077
1.118E9,-7.572,38.950,-54.685,-22.050
1.120E9,-7.580,38.952,-55.736,-22.018
1.122E9,-7.572,38.957,-55.918,-21.979
1.124E9,-7.572,38.961,-55.160,-21.975
1.126E9,-7.582,38.964,-55.280,-21.930
1.128E9,-7.587,38.969,-55.089,-21.921
1.130E9,-7.594,38.972,-55.301,-21.899
1.132E9,-7.592,38.974,-55.596,-21.812
1.134E9,-7.600,38.977,-55.835,-21.837
1.136E9,-7.599,38.981,-55.961,-21.754
1.138E9,-7.607,38.985,-54.746,-21.786
1.140E9,-7.614,38.987,-55.175,-21.712
1.142E9,-7.625,38.992,-54.991,-21.717
1.144E9,-7.627,38.995,-55.430,-21.651
1.146E9,-7.633,38.999,-55.209,-21.633
1.148E9,-7.642,39.004,-55.462,-21.611
1.150E9,-7.652,39.006,-54.929,-21.624
1.152E9,-7.659,39.012,-54.663,-21.594
1.154E9,-7.667,39.014,-55.004,-21.537
1.156E9,-7.674,39.020,-55.114,-21.483
1.158E9,-7.685,39.023,-54.494,-21.500
1.160E9,-7.700,39.026,-54.335,-21.471
1.162E9,-7.711,39.029,-54.877,-21.393
1.164E9,-7.717,39.035,-55.080,-21.353
1.166E9,-7.727,39.038,-55.270,-21.312
1.168E9,-7.740,39.041,-55.179,-21.265
1.170E9,-7.751,39.047,-54.807,-21.275
1.172E9,-7.758,39.049,-55.164,-21.213
1.174E9,-7.782,39.054,-54.286,-21.273
1.176E9,-7.787,39.056,-54.475,-21.208
1.178E9,-7.806,39.059,-54.403,-21.188
1.180E9,-7.813,39.064,-53.754,-21.187
1.182E9,-7.819,39.067,-53.632,-21.145
1.184E9,-7.848,39.071,-54.631,-21.061
1.186E9,-7.861,39.075,-54.492,-21.054
1.188E9,-7.881,39.077,-54.458,-21.021
1.190E9,-7.895,39.081,-54.439,-20.988
1.192E9,-7.914,39.084,-54.558,-20.964
1.194E9,-7.931,39.088,-54.316,-20.897
1.196E9,-7.931,39.091,-53.163,-20.927
1.198E9,-7.954,39.096,-53.544,-20.860
1.200E9,-7.990,39.099,-54.200,-20.798
1.202E9,-7.987,39.103,-53.428,-20.837
1.204E9,-8.020,39.104,-53.967,-20.757
1.206E9,-8.033,39.108,-53.852,-20.740
1.208E9,-8.058,39.113,-53.620,-20.705
1.210E9,-8.065,39.116,-53.651,-20.686
1.212E9,-8.094,39.118,-54.161,-20.605
1.214E9,-8.114,39.121,-54.057,-20.583
1.216E9,-8.141,39.124,-54.022,-20.533
1.218E9,-8.160,39.129,-53.431,-20.522
1.220E9,-8.183,39.133,-53.507,-20.483
1.222E9,-8.207,39.134,-53.587,-20.447
1.224E9,-8.229,39.137,-53.326,-20.405
1.226E9,-8.252,39.141,-53.852,-20.359
1.228E9,-8.281,39.143,-53.641,-20.311
1.230E9,-8.297,39.144,-53.903,-20.234
1.232E9,-8.333,39.150,-53.344,-20.239
1.234E9,-8.356,39.152,-53.280,-20.245
1.236E9,-8.378,39.155,-53.082,-20.197
1.238E9,-8.409,39.157,-52.744,-20.179
1.240E9,-8.425,39.160,-53.471,-20.099
1.242E9,-8.458,39.161,-52.914,-20.119
1.244E9,-8.487,39.165,-53.094,-20.041
1.246E9,-8.520,39.166,-53.043,-19.969
1.248E9,-8.539,39.170,-53.548,-19.887
1.250E9,-8.578,39.172,-52.671,-19.914
1.252E9,-8.604,39.174,-53.055,-19.907
1.254E9,-8.637,39.176,-53.042,-19.824
1.256E9,-8.666,39.178,-52.940,-19.750
1.258E9,-8.698,39.181,-53.330,-19.748
1.260E9,-8.727,39.182,-52.509,-19.672
1.262E9,-8.774,39.186,-53.145,-19.792
1.264E9,-8.797,39.188,-52.641,-19.647
1.266E9,-8.828,39.190,-52.333,-19.582
1.268E9,-8.856,39.191,-52.629,-19.509
1.270E9,-8.894,39.193,-52.782,-19.489
1.272E9,-8.933,39.194,-52.518,-19.493
1.274E9,-8.963,39.195,-52.194,-19.395
1.276E9,-8.994,39.198,-52.432,-19.353
1.278E9,-9.035,39.198,-52.567,-19.283
1.280E9,-9.077,39.199,-52.609,-19.301
1.282E9,-9.111,39.201,-52.664,-19.246
1.284E9,-9.153,39.203,-52.416,-19.178
1.286E9,-9.181,39.205,-52.150,-19.122
1.288E9,-9.217,39.205,-52.127,-19.082
1.290E9,-9.263,39.205,-52.315,-19.049
1.292E9,-9.273,39.207,-51.454,-18.954
1.294E9,-9.331,39.207,-52.185,-18.952
1.296E9,-9.385,39.208,-52.373,-18.924
1.298E9,-9.417,39.207,-51.802,-18.869
1.300E9,-9.462,39.208,-52.005,-18.802
1.302E9,-9.506,39.210,-52.599,-18.776
1.304E9,-9.559,39.209,-52.475,-18.733
1.306E9,-9.599,39.209,-52.011,-18.696
1.308E9,-9.650,39.209,-52.005,-18.634
1.310E9,-9.683,39.209,-51.783,-18.613
1.312E9,-9.726,39.210,-52.083,-18.536
1.314E9,-9.769,39.209,-51.962,-18.500
1.316E9,-9.810,39.209,-52.322,-18.431
1.318E9,-9.868,39.210,-51.831,-18.405
1.320E9,-9.913,39.209,-51.904,-18.367
1.322E9,-9.953,39.209,-52.082,-18.299
1.324E9,-10.002,39.207,-52.177,-18.235
1.326E9,-10.050,39.207,-51.994,-18.197
1.328E9,-10.103,39.206,-51.567,-18.166
1.330E9,-10.146,39.205,-52.116,-18.125
1.332E9,-10.200,39.205,-51.816,-18.090
1.334E9,-10.250,39.203,-51.687,-18.017
1.336E9,-10.302,39.202,-51.601,-17.977
1.338E9,-10.352,39.201,-51.769,-17.916
1.340E9,-10.422,39.199,-51.050,-17.893
1.342E9,-10.464,39.196,-51.617,-17.767
1.344E9,-10.521,39.197,-51.198,-17.807
1.346E9,-10.577,39.194,-52.358,-17.776
1.348E9,-10.626,39.192,-51.387,-17.700
1.350E9,-10.674,39.192,-50.745,-17.599
1.352E9,-10.733,39.188,-51.054,-17.570
1.354E9,-10.776,39.186,-50.747,-17.535
1.356E9,-10.853,39.185,-51.313,-17.469
1.358E9,-10.910,39.180,-50.844,-17.398
1.360E9,-10.963,39.179,-51.377,-17.401
1.362E9,-11.021,39.178,-51.186,-17.332
1.364E9,-11.083,39.175,-50.772,-17.250
1.366E9,-11.135,39.171,-51.155,-17.245
1.368E9,-11.217,39.169,-50.856,-17.186
1.370E9,-11.256,39.167,-51.248,-17.139
1.372E9,-11.313,39.160,-50.844,-17.066
1.374E9,-11.365,39.155,-51.435,-17.039
1.376E9,-11.439,39.152,-51.268,-16.988
1.378E9,-11.514,39.150,-50.550,-16.930
1.380E9,-11.568,39.146,-50.547,-16.881
1.382E9,-11.627,39.142,-50.558,-16.846
1.384E9,-11.703,39.139,-50.539,-16.788
1.386E9,-11.757,39.135,-50.620,-16.752
1.388E9,-11.837,39.131,-50.293,-16.672
1.390E9,-11.898,39.126,-50.322,-16.602
1.392E9,-11.958,39.122,-50.563,-16.601
1.394E9,-12.034,39.118,-50.236,-16.534
1.396E9,-12.097,39.115,-50.234,-16.488
1.398E9,-12.166,39.110,-50.432,-16.449
1.400E9,-12.238,39.105,-50.271,-16.424
1.402E9,-12.305,39.102,-50.387,-16.343
1.404E9,-12.376,39.097,-50.337,-16.295
1.406E9,-12.437,39.093,-50.220,-16.226
1.408E9,-12.508,39.087,-50.423,-16.208
1.410E9,-12.585,39.080,-50.312,-16.160
1.412E9,-12.661,39.076,-50.308,-16.115
1.414E9,-12.742,39.070,-50.528,-16.104
1.416E9,-12.787,39.065,-49.923,-16.014
1.418E9,-12.882,39.058,-50.414,-15.995
1.420E9,-12.951,39.053,-50.282,-15.958
1.422E9,-13.030,39.047,-50.131,-15.910
1.424E9,-13.097,39.041,-50.118,-15.858
1.426E9,-13.176,39.035,-50.242,-15.825
1.428E9,-13.265,39.027,-49.963,-15.779
1.430E9,-13.323,39.022,-50.011,-15.721
1.432E9,-13.445,39.015,-50.460,-15.714
1.434E9,-13.514,39.008,-50.251,-15.676
1.436E9,-13.589,39.002,-50.010,-15.610
1.438E9,-13.632,38.994,-49.954,-15.556
1.440E9,-13.710,38.986,-50.185,-15.525
1.442E9,-13.806,38.979,-49.942,-15.484
1.444E9,-13.876,38.973,-49.723,-15.443
1.446E9,-13.944,38.965,-49.794,-15.412
1.448E9,-14.029,38.957,-50.112,-15.369
1.450E9,-14.081,38.951,-50.289,-15.342
1.452E9,-14.263,38.941,-49.644,-15.260
1.454E9,-14.313,38.935,-49.539,-15.234
1.456E9,-14.370,38.927,-49.809,-15.192
1.458E9,-14.444,38.918,-49.851,-15.168
1.460E9,-14.531,38.909,-49.645,-15.121
1.462E9,-14.598,38.902,-49.810,-15.101
1.464E9,-14.733,38.895,-49.294,-15.022
1.466E9,-14.769,38.885,-49.925,-15.021
1.468E9,-14.846,38.878,-49.736,-14.982
1.470E9,-14.959,38.871,-49.684,-14.941
1.472E9,-15.050,38.861,-49.436,-14.896
1.474E9,-15.112,38.852,-49.448,-14.858
1.476E9,-15.194,38.843,-49.816,-14.860
1.478E9,-15.324,38.835,-49.248,-14.777
1.480E9,-15.354,38.826,-49.529,-14.769
1.482E9,-15.508,38.817,-49.323,-14.712
1.484E9,-15.550,38.809,-49.260,-14.690
1.486E9,-15.644,38.799,-49.524,-14.679
1.488E9,-15.742,38.788,-49.462,-14.636
1.490E9,-15.818,38.781,-49.144,-14.579
1.492E9,-15.946,38.770,-49.555,-14.566
1.494E9,-16.019,38.762,-49.161,-14.512
1.496E9,-16.082,38.755,-49.129,-14.488
1.498E9,-16.186,38.743,-49.314,-14.456
1.500E9,-16.274,38.733,-49.071,-14.417
1.502E9,-16.363,38.723,-48.962,-14.384
1.504E9,-16.413,38.712,-48.773,-14.343
1.506E9,-16.565,38.703,-49.175,-14.329
1.508E9,-16.642,38.693,-49.211,-14.290
1.510E9,-16.717,38.682,-49.064,-14.242
1.512E9,-16.766,38.670,-48.710,-14.230
1.514E9,-16.952,38.660,-49.170,-14.236
1.516E9,-17.005,38.652,-48.981,-14.186
1.518E9,-17.103,38.640,-48.824,-14.160
1.520E9,-17.200,38.631,-48.978,-14.118
1.522E9,-17.293,38.619,-49.094,-14.097
1.524E9,-17.353,38.609,-49.166,-14.060
1.526E9,-17.466,38.598,-48.992,-14.041
1.528E9,-17.541,38.588,-48.565,-14.019
1.530E9,-17.613,38.577,-49.022,-13.985
1.532E9,-17.725,38.565,-48.531,-13.969
1.534E9,-17.832,38.554,-48.792,-13.942
1.536E9,-17.905,38.545,-48.677,-13.921
1.538E9,-17.936,38.534,-49.038,-13.902
1.540E9,-18.071,38.523,-48.596,-13.877
1.542E9,-18.188,38.510,-48.600,-13.849
1.544E9,-18.258,38.501,-48.665,-13.828
1.546E9,-18.343,38.490,-48.610,-13.805
1.548E9,-18.487,38.478,-48.392,-13.762
1.550E9,-18.557,38.467,-48.544,-13.754
1.552E9,-18.597,38.457,-48.833,-13.757
1.554E9,-18.675,38.445,-48.994,-13.737
1.556E9,-18.776,38.433,-48.700,-13.710
1.558E9,-18.895,38.423,-48.284,-13.670
1.560E9,-19.011,38.410,-48.122,-13.623
1.562E9,-19.066,38.400,-48.524,-13.638
1.564E9,-19.173,38.388,-48.252,-13.612
1.566E9,-19.245,38.376,-48.153,-13.596
1.568E9,-19.371,38.366,-48.065,-13.562
1.570E9,-19.426,38.352,-48.053,-13.545
1.572E9,-19.508,38.342,-48.317,-13.534
1.574E9,-19.646,38.329,-48.161,-13.499
1.576E9,-19.701,38.318,-48.349,-13.516
1.578E9,-19.788,38.306,-47.847,-13.460
1.580E9,-19.884,38.294,-48.593,-13.524
1.582E9,-19.931,38.283,-47.946,-13.469
1.584E9,-20.061,38.271,-47.781,-13.407
1.586E9,-20.146,38.258,-48.226,-13.427
1.588E9,-20.218,38.249,-47.765,-13.413
1.590E9,-20.326,38.235,-48.048,-13.400
1.592E9,-20.425,38.222,-48.207,-13.392
1.594E9,-20.499,38.211,-48.003,-13.377
1.596E9,-20.592,38.200,-47.799,-13.363
1.598E9,-20.678,38.188,-48.113,-13.334
1.600E9,-20.768,38.175,-47.992,-13.322
1.602E9,-20.861,38.162,-47.821,-13.313
1.604E9,-20.936,38.152,-47.719,-13.290
1.606E9,-21.055,38.139,-48.139,-13.298
1.608E9,-21.113,38.128,-48.020,-13.290
1.610E9,-21.195,38.115,-47.792,-13.288
1.612E9,-21.331,38.104,-48.133,-13.279
1.614E9,-21.381,38.091,-47.746,-13.266
1.616E9,-21.471,38.078,-47.768,-13.247
1.618E9,-21.564,38.067,-47.398,-13.240
1.620E9,-21.649,38.055,-47.829,-13.235
1.622E9,-21.716,38.042,-47.717,-13.226
1.624E9,-21.842,38.030,-47.677,-13.214
1.626E9,-21.884,38.018,-47.439,-13.205
1.628E9,-21.997,38.006,-47.623,-13.213
1.630E9,-22.077,37.995,-47.465,-13.193
1.632E9,-22.124,37.982,-47.458,-13.184
1.634E9,-22.320,37.970,-47.527,-13.192
1.636E9,-22.444,37.957,-47.098,-13.184
1.638E9,-22.485,37.945,-47.481,-13.193
1.640E9,-22.553,37.933,-47.605,-13.180
1.642E9,-22.656,37.921,-47.131,-13.169
1.644E9,-22.725,37.908,-47.367,-13.174
1.646E9,-22.830,37.897,-47.650,-13.178
1.648E9,-22.916,37.884,-47.223,-13.157
1.650E9,-22.995,37.872,-47.275,-13.150
1.652E9,-23.116,37.860,-47.662,-13.184
1.654E9,-23.232,37.848,-46.945,-13.152
1.656E9,-23.300,37.836,-47.317,-13.166
1.658E9,-23.395,37.823,-47.405,-13.162
1.660E9,-23.481,37.810,-47.367,-13.161
1.662E9,-23.628,37.798,-46.965,-13.154
1.664E9,-23.710,37.787,-47.184,-13.160
1.666E9,-23.806,37.775,-47.072,-13.136
1.668E9,-23.955,37.763,-46.754,-13.128
1.670E9,-24.015,37.751,-47.337,-13.181
1.672E9,-24.146,37.738,-47.180,-13.192
1.674E9,-24.177,37.727,-47.164,-13.169
1.676E9,-24.392,37.714,-46.925,-13.151
1.678E9,-24.424,37.702,-47.160,-13.184
1.680E9,-24.620,37.689,-47.013,-13.180
1.682E9,-24.692,37.678,-46.813,-13.172
1.684E9,-24.851,37.667,-46.859,-13.186
1.686E9,-24.966,37.654,-46.962,-13.190
1.688E9,-25.054,37.642,-46.566,-13.201
1.690E9,-25.202,37.630,-46.994,-13.217
1.692E9,-25.376,37.617,-46.879,-13.223
1.694E9,-25.456,37.606,-46.859,-13.213
1.696E9,-25.604,37.594,-46.697,-13.206
1.698E9,-25.732,37.584,-46.774,-13.219
1.700E9,-25.858,37.572,-46.452,-13.234
1.702E9,-25.995,37.558,-46.814,-13.230
1.704E9,-26.117,37.546,-46.491,-13.264
1.706E9,-26.278,37.534,-46.441,-13.273
1.708E9,-26.471,37.522,-46.596,-13.237
1.710E9,-26.529,37.510,-46.530,-13.282
1.712E9,-26.707,37.499,-46.502,-13.271
1.714E9,-26.813,37.486,-46.318,-13.286
1.716E9,-27.040,37.475,-46.897,-13.286
1.718E9,-27.158,37.462,-46.506,-13.316
1.720E9,-27.287,37.452,-46.513,-13.308
1.722E9,-27.420,37.438,-46.495,-13.334
1.724E9,-27.612,37.427,-46.565,-13.336
1.726E9,-27.715,37.415,-46.471,-13.351
1.728E9,-27.865,37.404,-46.330,-13.372
1.730E9,-28.108,37.389,-45.970,-13.392
1.732E9,-28.141,37.379,-46.262,-13.395
1.734E9,-28.270,37.369,-46.358,-13.404
1.736E9,-28.470,37.357,-46.212,-13.422
1.738E9,-28.570,37.344,-46.345,-13.458
1.740E9,-28.739,37.333,-46.076,-13.467
1.742E9,-28.788,37.322,-46.276,-13.474
1.744E9,-28.970,37.310,-45.935,-13.477
1.746E9,-29.086,37.297,-45.935,-13.520
1.748E9,-29.160,37.286,-45.948,-13.511
1.750E9,-29.233,37.276,-45.941,-13.551
1.752E9,-29.373,37.264,-45.833,-13.542
1.754E9,-29.435,37.251,-46.034,-13.588
1.756E9,-29.421,37.241,-46.040,-13.615
1.758E9,-29.491,37.229,-45.662,-13.651
1.760E9,-29.509,37.217,-45.996,-13.660
1.762E9,-29.558,37.206,-45.785,-13.692
1.764E9,-29.474,37.194,-45.948,-13.696
1.766E9,-29.519,37.182,-45.782,-13.740
1.768E9,-29.508,37.169,-45.810,-13.757
1.770E9,-29.358,37.159,-45.883,-13.732
1.772E9,-29.243,37.148,-45.831,-13.759
1.774E9,-29.215,37.136,-45.617,-13.817
1.776E9,-29.054,37.125,-45.803,-13.824
1.778E9,-28.911,37.113,-45.935,-13.803
1.780E9,-28.876,37.099,-45.560,-13.884
1.782E9,-28.696,37.087,-45.672,-13.889
1.784E9,-28.457,37.076,-45.795,-13.918
1.786E9,-28.337,37.065,-45.268,-13.959
1.788E9,-28.130,37.053,-45.808,-13.942
1.790E9,-27.902,37.040,-45.724,-13.982
1.792E9,-27.695,37.029,-45.643,-14.016
1.794E9,-27.445,37.017,-45.544,-14.039
1.796E9,-27.233,37.005,-45.483,-14.087
1.798E9,-27.028,36.995,-45.302,-14.113
1.800E9,-26.814,36.982,-45.588,-14.128
1.802E9,-26.503,36.970,-45.557,-14.143
1.804E9,-26.315,36.958,-45.478,-14.163
1.806E9,-26.023,36.947,-45.316,-14.224
1.808E9,-25.827,36.935,-45.360,-14.245
1.810E9,-25.575,36.922,-45.440,-14.252
1.812E9,-25.248,36.912,-45.553,-14.301
1.814E9,-25.075,36.900,-45.383,-14.345
1.816E9,-24.842,36.888,-45.349,-14.363
1.818E9,-24.558,36.877,-45.316,-14.388
1.820E9,-24.343,36.863,-45.344,-14.437
1.822E9,-24.131,36.852,-45.331,-14.471
1.824E9,-23.881,36.840,-45.338,-14.501
1.826E9,-23.621,36.827,-45.195,-14.520
1.828E9,-23.367,36.815,-45.515,-14.538
1.830E9,-23.146,36.805,-45.255,-14.572
1.832E9,-22.932,36.793,-45.069,-14.617
1.834E9,-22.741,36.780,-44.986,-14.666
1.836E9,-22.494,36.767,-44.950,-14.702
1.838E9,-22.290,36.755,-44.845,-14.741
1.840E9,-22.039,36.743,-45.080,-14.752
1.842E9,-21.858,36.731,-44.856,-14.795
1.844E9,-21.599,36.719,-45.023,-14.821
1.846E9,-21.366,36.706,-45.254,-14.819
1.848E9,-21.223,36.694,-44.826,-14.869
1.850E9,-21.023,36.681,-44.871,-14.901
1.852E9,-20.766,36.669,-44.822,-14.955
1.854E9,-20.560,36.657,-44.703,-15.001
1.856E9,-20.405,36.642,-45.016,-14.995
1.858E9,-20.188,36.633,-44.881,-15.040
1.860E9,-19.986,36.618,-44.731,-15.085
1.862E9,-19.808,36.607,-44.529,-15.134
1.864E9,-19.620,36.595,-44.672,-15.168
1.866E9,-19.431,36.582,-44.737,-15.181
1.868E9,-19.225,36.569,-44.320,-15.248
1.870E9,-19.043,36.557,-44.654,-15.262
1.872E9,-18.900,36.544,-44.624,-15.280
1.874E9,-18.725,36.532,-44.716,-15.293
1.876E9,-18.513,36.519,-44.570,-15.354
1.878E9,-18.352,36.506,-44.489,-15.380
1.880E9,-18.162,36.493,-44.563,-15.425
1.882E9,-18.017,36.481,-44.455,-15.448
1.884E9,-17.862,36.467,-44.750,-15.464
1.886E9,-17.694,36.455,-44.534,-15.515
1.888E9,-17.546,36.440,-44.650,-15.509
1.890E9,-17.370,36.428,-44.300,-15.607
1.892E9,-17.187,36.414,-44.577,-15.580
1.894E9,-17.051,36.402,-44.337,-15.658
1.896E9,-16.905,36.386,-44.260,-15.687
1.898E9,-16.730,36.372,-44.382,-15.709
1.900E9,-16.607,36.360,-43.855,-15.799
1.902E9,-16.430,36.345,-44.359,-15.755
1.904E9,-16.288,36.333,-44.474,-15.773
1.906E9,-16.154,36.317,-44.339,-15.823
1.908E9,-15.992,36.305,-44.208,-15.844
1.910E9,-15.853,36.291,-44.446,-15.854
1.912E9,-15.728,36.276,-44.251,-15.912
1.914E9,-15.581,36.262,-44.230,-15.926
1.916E9,-15.429,36.248,-43.948,-15.972
1.918E9,-15.312,36.233,-44.315,-15.959
1.920E9,-15.175,36.220,-44.035,-16.011
1.922E9,-15.050,36.206,-44.131,-16.035
1.924E9,-14.895,36.190,-44.013,-16.060
1.926E9,-14.778,36.175,-43.939,-16.079
1.928E9,-14.653,36.162,-44.242,-16.071
1.930E9,-14.516,36.146,-44.067,-16.101
1.932E9,-14.412,36.132,-43.820,-16.157
1.934E9,-14.260,36.116,-44.071,-16.159
1.936E9,-14.137,36.102,-43.948,-16.167
1.938E9,-14.029,36.087,-44.022,-16.157
1.940E9,-13.897,36.072,-44.149,-16.173
1.942E9,-13.784,36.057,-44.081,-16.194
1.944E9,-13.662,36.043,-44.068,-16.229
1.946E9,-13.550,36.027,-43.875,-16.221
1.948E9,-13.422,36.010,-43.903,-16.240
1.950E9,-13.308,35.994,-43.811,-16.239
1.952E9,-13.193,35.980,-43.992,-16.257
1.954E9,-13.070,35.964,-43.790,-16.278
1.956E9,-12.953,35.947,-43.858,-16.278
1.958E9,-12.858,35.932,-43.838,-16.289
1.960E9,-12.744,35.917,-43.737,-16.293
1.962E9,-12.644,35.899,-43.493,-16.320
1.964E9,-12.525,35.884,-43.577,-16.305
1.966E9,-12.423,35.867,-43.711,-16.299
1.968E9,-12.323,35.851,-43.750,-16.306
1.970E9,-12.231,35.834,-43.577,-16.273
1.972E9,-12.123,35.819,-43.742,-16.257
1.974E9,-12.013,35.803,-43.583,-16.259
1.976E9,-11.921,35.784,-43.772,-16.241
1.978E9,-11.816,35.768,-43.667,-16.247
1.980E9,-11.724,35.750,-43.662,-16.230
1.982E9,-11.632,35.735,-43.383,-16.230
1.984E9,-11.525,35.717,-43.732,-16.179
1.986E9,-11.444,35.701,-43.675,-16.201
1.988E9,-11.338,35.681,-43.519,-16.178
1.990E9,-11.238,35.665,-43.681,-16.141
1.992E9,-11.142,35.646,-43.562,-16.121
1.994E9,-11.062,35.631,-43.516,-16.130
1.996E9,-10.978,35.614,-43.396,-16.102
1.998E9,-10.880,35.594,-43.366,-16.096
2.000E9,-10.788,35.577,-43.375,-16.062
2.002E9,-10.707,35.559,-43.448,-16.064
2.004E9,-10.620,35.541,-43.504,-15.984
2.006E9,-10.518,35.524,-43.319,-15.998
2.008E9,-10.435,35.504,-43.287,-15.916
2.010E9,-10.360,35.487,-43.400,-15.933
2.012E9,-10.279,35.470,-43.433,-15.855
2.014E9,-10.187,35.449,-43.242,-15.867
2.016E9,-10.111,35.431,-43.358,-15.832
2.018E9,-10.026,35.415,-43.325,-15.787
2.020E9,-9.942,35.394,-43.250,-15.802
2.022E9,-9.869,35.377,-43.284,-15.706
2.024E9,-9.780,35.355,-43.288,-15.736
2.026E9,-9.706,35.337,-43.211,-15.651
2.028E9,-9.628,35.318,-43.192,-15.645
2.030E9,-9.547,35.300,-43.080,-15.605
2.032E9,-9.464,35.280,-43.463,-15.586
2.034E9,-9.396,35.262,-43.213,-15.526
2.036E9,-9.318,35.241,-43.271,-15.487
2.038E9,-9.250,35.224,-43.124,-15.427
2.040E9,-9.171,35.204,-43.173,-15.418
2.042E9,-9.108,35.186,-42.966,-15.347
2.044E9,-9.038,35.165,-42.965,-15.279
2.046E9,-8.968,35.147,-42.976,-15.257
2.048E9,-8.895,35.126,-43.050,-15.206
2.050E9,-8.815,35.106,-42.996,-15.167
2.052E9,-8.745,35.084,-43.118,-15.154
2.054E9,-8.679,35.066,-43.151,-15.113
2.056E9,-8.626,35.046,-43.006,-15.065
2.058E9,-8.546,35.026,-42.871,-15.009
2.060E9,-8.486,35.007,-42.854,-14.957
2.062E9,-8.413,34.984,-43.091,-14.916
2.064E9,-8.349,34.965,-42.953,-14.866
2.066E9,-8.277,34.945,-43.049,-14.825
2.068E9,-8.235,34.925,-43.137,-14.782
2.070E9,-8.156,34.902,-43.033,-14.727
2.072E9,-8.108,34.884,-43.080,-14.692
2.074E9,-8.039,34.861,-42.913,-14.631
2.076E9,-7.982,34.843,-43.128,-14.577
2.078E9,-7.913,34.821,-42.981,-14.531
2.080E9,-7.854,34.802,-42.883,-14.478
2.082E9,-7.798,34.780,-42.916,-14.445
2.084E9,-7.732,34.759,-42.664,-14.395
2.086E9,-7.677,34.738,-42.906,-14.367
2.088E9,-7.620,34.718,-42.819,-14.302
2.090E9,-7.568,34.697,-43.057,-14.255
2.092E9,-7.506,34.676,-42.683,-14.177
2.094E9,-7.443,34.656,-42.755,-14.137
2.096E9,-7.392,34.634,-42.795,-14.058
2.098E9,-7.339,34.613,-42.736,-14.022
2.100E9,-7.285,34.594,-42.772,-13.999
