freq,t
6.000E8,18.599
6.020E8,18.514
6.040E8,18.428
6.060E8,18.342
6.080E8,18.259
6.100E8,18.178
6.120E8,18.097
6.140E8,18.015
6.160E8,17.931
6.180E8,17.847
6.200E8,17.765
6.220E8,17.687
6.240E8,17.608
6.260E8,17.529
6.280E8,17.449
6.300E8,17.368
6.320E8,17.288
6.340E8,17.213
6.360E8,17.137
6.380E8,17.061
6.400E8,16.984
6.420E8,16.907
6.440E8,16.829
6.460E8,16.756
6.480E8,16.683
6.500E8,16.610
6.520E8,16.536
6.540E8,16.461
6.560E8,16.386
6.580E8,16.315
6.600E8,16.244
6.620E8,16.173
6.640E8,16.102
6.660E8,16.030
6.680E8,15.957
6.700E8,15.887
6.720E8,15.819
6.740E8,15.750
6.760E8,15.681
6.780E8,15.612
6.800E8,15.542
6.820E8,15.473
6.840E8,15.407
6.860E8,15.341
6.880E8,15.274
6.900E8,15.207
6.920E8,15.139
6.940E8,15.073
6.960E8,15.009
6.980E8,14.944
7.000E8,14.880
7.020E8,14.815
7.040E8,14.750
7.060E8,14.685
7.080E8,14.623
7.100E8,14.561
7.120E8,14.499
7.140E8,14.437
7.160E8,14.374
7.180E8,14.312
7.200E8,14.252
7.220E8,14.192
7.240E8,14.132
7.260E8,14.072
7.280E8,14.012
7.300E8,13.952
7.320E8,13.893
7.340E8,13.836
7.360E8,13.778
7.380E8,13.721
7.400E8,13.663
7.420E8,13.605
7.440E8,13.548
7.460E8,13.493
7.480E8,13.438
7.500E8,13.383
7.520E8,13.327
7.540E8,13.272
7.560E8,13.217
7.580E8,13.164
7.600E8,13.111
7.620E8,13.058
7.640E8,13.006
7.660E8,12.953
7.680E8,12.900
7.700E8,12.849
7.720E8,12.799
7.740E8,12.748
7.760E8,12.698
7.780E8,12.647
7.800E8,12.597
7.820E8,12.548
7.840E8,12.500
7.860E8,12.452
7.880E8,12.403
7.900E8,12.355
7.920E8,12.307
7.940E8,12.261
7.960E8,12.215
7.980E8,12.169
8.000E8,12.123
8.020E8,12.077
8.040E8,12.032
8.060E8,11.987
8.080E8,11.944
8.100E8,11.900
8.120E8,11.857
8.140E8,11.813
8.160E8,11.770
8.180E8,11.728
8.200E8,11.686
8.220E8,11.645
8.240E8,11.604
8.260E8,11.563
8.280E8,11.522
8.300E8,11.482
8.320E8,11.443
8.340E8,11.404
8.360E8,11.365
8.380E8,11.327
8.400E8,11.288
8.420E8,11.250
8.440E8,11.213
8.460E8,11.177
8.480E8,11.140
8.500E8,11.104
8.520E8,11.068
8.540E8,11.032
8.560E8,10.997
8.580E8,10.963
8.600E8,10.929
8.620E8,10.895
8.640E8,10.861
8.660E8,10.827
8.680E8,10.795
8.700E8,10.763
8.720E8,10.731
8.740E8,10.699
8.760E8,10.668
8.780E8,10.636
8.800E8,10.606
8.820E8,10.576
8.840E8,10.546
8.860E8,10.517
8.880E8,10.488
8.900E8,10.458
8.920E8,10.430
8.940E8,10.402
8.960E8,10.375
8.980E8,10.348
9.000E8,10.321
9.020E8,10.293
9.040E8,10.267
9.060E8,10.241
9.080E8,10.216
9.100E8,10.191
9.120E8,10.166
9.140E8,10.141
9.160E8,10.116
9.180E8,10.093
9.200E8,10.071
9.220E8,10.048
9.240E8,10.025
9.260E8,10.002
9.280E8,9.979
9.300E8,9.958
9.320E8,9.937
9.340E8,9.916
9.360E8,9.896
9.380E8,9.875
9.400E8,9.854
9.420E8,9.834
9.440E8,9.816
9.460E8,9.797
9.480E8,9.779
9.500E8,9.760
9.520E8,9.741
9.540E8,9.723
9.560E8,9.706
9.580E8,9.690
9.600E8,9.673
9.620E8,9.656
9.640E8,9.639
9.660E8,9.623
9.680E8,9.609
9.700E8,9.594
9.720E8,9.579
9.740E8,9.565
9.760E8,9.549
9.780E8,9.534
9.800E8,9.522
9.820E8,9.509
9.840E8,9.497
9.860E8,9.484
9.880E8,9.470
9.900E8,9.457
9.920E8,9.446
9.940E8,9.436
9.960E8,9.425
9.980E8,9.414
1.000E9,9.402
1.002E9,9.390
1.004E9,9.380
1.006E9,9.372
1.008E9,9.363
1.010E9,9.354
1.012E9,9.344
1.014E9,9.334
1.016E9,9.325
1.018E9,9.319
1.020E9,9.312
1.022E9,9.304
1.024E9,9.296
1.026E9,9.288
1.028E9,9.279
1.030E9,9.275
1.032E9,9.270
1.034E9,9.264
1.036E9,9.258
1.038E9,9.251
1.040E9,9.243
1.042E9,9.240
1.044E9,9.237
1.046E9,9.233
1.048E9,9.228
1.050E9,9.223
1.052E9,9.216
1.054E9,9.214
1.056E9,9.213
1.058E9,9.210
1.060E9,9.207
1.062E9,9.203
1.064E9,9.198
1.066E9,9.197
1.068E9,9.197
1.070E9,9.196
1.072E9,9.195
1.074E9,9.192
1.076E9,9.189
1.078E9,9.187
1.080E9,9.189
1.082E9,9.190
1.084E9,9.190
1.086E9,9.189
1.088E9,9.186
1.090E9,9.185
1.092E9,9.189
1.094E9,9.191
1.096E9,9.192
1.098E9,9.192
1.100E9,9.192
1.102E9,9.190
1.104E9,9.195
1.106E9,9.199
1.108E9,9.201
1.110E9,9.203
1.112E9,9.203
1.114E9,9.203
1.116E9,9.208
1.118E9,9.213
1.120E9,9.217
1.122E9,9.220
1.124E9,9.222
1.126E9,9.222
1.128E9,9.227
1.130E9,9.233
1.132E9,9.239
1.134E9,9.243
1.136E9,9.245
1.138E9,9.247
1.140E9,9.252
1.142E9,9.259
1.144E9,9.266
1.146E9,9.271
1.148E9,9.275
1.150E9,9.277
1.152E9,9.281
1.154E9,9.290
1.156E9,9.297
1.158E9,9.304
1.160E9,9.309
1.162E9,9.312
1.164E9,9.316
1.166E9,9.325
1.168E9,9.334
1.170E9,9.341
1.172E9,9.347
1.174E9,9.352
1.176E9,9.356
1.178E9,9.365
1.180E9,9.374
1.182E9,9.382
1.184E9,9.389
1.186E9,9.395
1.188E9,9.400
1.190E9,9.409
1.192E9,9.418
1.194E9,9.427
1.196E9,9.435
1.198E9,9.442
1.200E9,9.448
1.202E9,9.456
1.204E9,9.466
1.206E9,9.475
1.208E9,9.484
1.210E9,9.491
1.212E9,9.498
1.214E9,9.506
1.216E9,9.516
1.218E9,9.526
1.220E9,9.535
1.222E9,9.543
1.224E9,9.551
1.226E9,9.559
1.228E9,9.569
1.230E9,9.579
1.232E9,9.589
1.234E9,9.598
1.236E9,9.606
1.238E9,9.615
1.240E9,9.625
1.242E9,9.635
1.244E9,9.644
1.246E9,9.654
1.248E9,9.663
1.250E9,9.672
1.252E9,9.682
1.254E9,9.692
1.256E9,9.702
1.258E9,9.712
1.260E9,9.721
1.262E9,9.731
1.264E9,9.741
1.266E9,9.751
1.268E9,9.761
1.270E9,9.771
1.272E9,9.781
1.274E9,9.791
1.276E9,9.801
1.278E9,9.811
1.280E9,9.821
1.282E9,9.831
1.284E9,9.841
1.286E9,9.852
1.288E9,9.862
1.290E9,9.872
1.292E9,9.882
1.294E9,9.892
1.296E9,9.902
1.298E9,9.912
1.300E9,9.923
1.302E9,9.933
1.304E9,9.943
1.306E9,9.953
1.308E9,9.963
1.310E9,9.974
1.312E9,9.985
1.314E9,9.994
1.316E9,10.004
1.318E9,10.014
1.320E9,10.024
1.322E9,10.035
1.324E9,10.045
1.326E9,10.055
1.328E9,10.065
1.330E9,10.075
1.332E9,10.085
1.334E9,10.095
1.336E9,10.106
1.338E9,10.116
1.340E9,10.126
1.342E9,10.135
1.344E9,10.145
1.346E9,10.155
1.348E9,10.165
1.350E9,10.175
1.352E9,10.185
1.354E9,10.195
1.356E9,10.204
1.358E9,10.214
1.360E9,10.223
1.362E9,10.233
1.364E9,10.243
1.366E9,10.253
1.368E9,10.262
1.370E9,10.271
1.372E9,10.281
1.374E9,10.290
1.376E9,10.300
1.378E9,10.309
1.380E9,10.318
1.382E9,10.327
1.384E9,10.336
1.386E9,10.345
1.388E9,10.354
1.390E9,10.363
1.392E9,10.372
1.394E9,10.381
1.396E9,10.389
1.398E9,10.398
1.400E9,10.407
1.402E9,10.416
1.404E9,10.424
1.406E9,10.432
1.408E9,10.441
1.410E9,10.449
1.412E9,10.458
1.414E9,10.466
1.416E9,10.474
1.418E9,10.481
1.420E9,10.489
1.422E9,10.498
1.424E9,10.506
1.426E9,10.513
1.428E9,10.520
1.430E9,10.528
1.432E9,10.535
1.434E9,10.543
1.436E9,10.552
1.438E9,10.558
1.440E9,10.564
1.442E9,10.571
1.444E9,10.578
1.446E9,10.586
1.448E9,10.595
1.450E9,10.600
1.452E9,10.605
1.454E9,10.611
1.456E9,10.618
1.458E9,10.626
1.460E9,10.635
1.462E9,10.640
1.464E9,10.643
1.466E9,10.648
1.468E9,10.654
1.470E9,10.662
1.472E9,10.671
1.474E9,10.677
1.476E9,10.678
1.478E9,10.681
1.480E9,10.687
1.482E9,10.694
1.484E9,10.704
1.486E9,10.712
1.488E9,10.710
1.490E9,10.711
1.492E9,10.716
1.494E9,10.723
1.496E9,10.733
1.498E9,10.745
1.500E9,10.740
1.502E9,10.738
1.504E9,10.741
1.506E9,10.747
1.508E9,10.758
1.510E9,10.773
1.512E9,10.767
1.514E9,10.762
1.516E9,10.763
1.518E9,10.768
1.520E9,10.779
1.522E9,10.795
1.524E9,10.792
1.526E9,10.784
1.528E9,10.782
1.530E9,10.786
1.532E9,10.796
1.534E9,10.813
1.536E9,10.815
1.538E9,10.802
1.540E9,10.797
1.542E9,10.800
1.544E9,10.809
1.546E9,10.827
1.548E9,10.836
1.550E9,10.819
1.552E9,10.810
1.554E9,10.810
1.556E9,10.819
1.558E9,10.837
1.560E9,10.856
1.562E9,10.833
1.564E9,10.821
1.566E9,10.818
1.568E9,10.825
1.570E9,10.843
1.572E9,10.871
1.574E9,10.846
1.576E9,10.829
1.578E9,10.823
1.580E9,10.829
1.582E9,10.846
1.584E9,10.874
1.586E9,10.858
1.588E9,10.836
1.590E9,10.826
1.592E9,10.829
1.594E9,10.845
1.596E9,10.873
1.598E9,10.868
1.600E9,10.841
1.602E9,10.827
1.604E9,10.828
1.606E9,10.842
1.608E9,10.869
1.610E9,10.878
1.612E9,10.845
1.614E9,10.827
1.616E9,10.824
1.618E9,10.836
1.620E9,10.862
1.622E9,10.886
1.624E9,10.848
1.626E9,10.825
1.628E9,10.818
1.630E9,10.827
1.632E9,10.853
1.634E9,10.894
1.636E9,10.849
1.638E9,10.822
1.640E9,10.811
1.642E9,10.817
1.644E9,10.841
1.646E9,10.881
1.648E9,10.850
1.650E9,10.817
1.652E9,10.802
1.654E9,10.805
1.656E9,10.826
1.658E9,10.865
1.660E9,10.851
1.662E9,10.811
1.664E9,10.791
1.666E9,10.791
1.668E9,10.809
1.670E9,10.847
1.672E9,10.851
1.674E9,10.805
1.676E9,10.780
1.678E9,10.775
1.680E9,10.791
1.682E9,10.827
1.684E9,10.851
1.686E9,10.798
1.688E9,10.767
1.690E9,10.757
1.692E9,10.770
1.694E9,10.804
1.696E9,10.852
1.698E9,10.790
1.700E9,10.752
1.702E9,10.738
1.704E9,10.747
1.706E9,10.779
1.708E9,10.835
1.710E9,10.783
1.712E9,10.737
1.714E9,10.717
1.716E9,10.722
1.718E9,10.752
1.720E9,10.808
1.722E9,10.777
1.724E9,10.723
1.726E9,10.696
1.728E9,10.696
1.730E9,10.724
1.732E9,10.778
1.734E9,10.773
1.736E9,10.709
1.738E9,10.675
1.740E9,10.670
1.742E9,10.694
1.744E9,10.748
1.746E9,10.772
1.748E9,10.698
1.750E9,10.656
1.752E9,10.645
1.754E9,10.665
1.756E9,10.716
1.758E9,10.774
1.760E9,10.692
1.762E9,10.643
1.764E9,10.625
1.766E9,10.640
1.768E9,10.687
1.770E9,10.765
1.772E9,10.691
1.774E9,10.636
1.776E9,10.613
1.778E9,10.622
1.780E9,10.662
1.782E9,10.733
1.784E9,10.694
1.786E9,10.638
1.788E9,10.611
1.790E9,10.613
1.792E9,10.645
1.794E9,10.706
1.796E9,10.700
1.798E9,10.646
1.800E9,10.618
1.802E9,10.615
1.804E9,10.637
1.806E9,10.685
1.808E9,10.705
1.810E9,10.657
1.812E9,10.630
1.814E9,10.624
1.816E9,10.638
1.818E9,10.672
1.820E9,10.707
1.822E9,10.668
1.824E9,10.644
1.826E9,10.636
1.828E9,10.643
1.830E9,10.666
1.832E9,10.704
1.834E9,10.674
1.836E9,10.655
1.838E9,10.646
1.840E9,10.649
1.842E9,10.663
1.844E9,10.689
1.846E9,10.677
1.848E9,10.662
1.850E9,10.655
1.852E9,10.655
1.854E9,10.663
1.856E9,10.679
1.858E9,10.678
1.860E9,10.667
1.862E9,10.661
1.864E9,10.660
1.866E9,10.664
1.868E9,10.673
1.870E9,10.677
1.872E9,10.670
1.874E9,10.666
1.876E9,10.665
1.878E9,10.667
1.880E9,10.672
1.882E9,10.676
1.884E9,10.673
1.886E9,10.671
1.888E9,10.670
1.890E9,10.671
1.892E9,10.673
1.894E9,10.677
1.896E9,10.676
1.898E9,10.676
1.900E9,10.677
1.902E9,10.677
1.904E9,10.677
1.906E9,10.678
1.908E9,10.681
1.910E9,10.683
1.912E9,10.684
1.914E9,10.685
1.916E9,10.684
1.918E9,10.683
1.920E9,10.686
1.922E9,10.691
1.924E9,10.693
1.926E9,10.695
1.928E9,10.694
1.930E9,10.692
1.932E9,10.694
1.934E9,10.700
1.936E9,10.705
1.938E9,10.707
1.940E9,10.706
1.942E9,10.704
1.944E9,10.704
1.946E9,10.712
1.948E9,10.718
1.950E9,10.721
1.952E9,10.722
1.954E9,10.720
1.956E9,10.717
1.958E9,10.727
1.960E9,10.734
1.962E9,10.738
1.964E9,10.740
1.966E9,10.738
1.968E9,10.734
1.970E9,10.744
1.972E9,10.753
1.974E9,10.758
1.976E9,10.761
1.978E9,10.760
1.980E9,10.756
1.982E9,10.764
1.984E9,10.774
1.986E9,10.781
1.988E9,10.785
1.990E9,10.785
1.992E9,10.783
1.994E9,10.788
1.996E9,10.799
1.998E9,10.808
2.000E9,10.812
2.002E9,10.814
2.004E9,10.812
2.006E9,10.815
2.008E9,10.828
2.010E9,10.837
2.012E9,10.843
2.014E9,10.846
2.016E9,10.846
2.018E9,10.846
2.020E9,10.860
2.022E9,10.871
2.024E9,10.878
2.026E9,10.882
2.028E9,10.883
2.030E9,10.880
2.032E9,10.896
2.034E9,10.908
2.036E9,10.916
2.038E9,10.922
2.040E9,10.924
2.042E9,10.923
2.044E9,10.935
2.046E9,10.948
2.048E9,10.958
2.050E9,10.965
2.052E9,10.968
2.054E9,10.968
2.056E9,10.978
2.058E9,10.993
2.060E9,11.004
2.062E9,11.012
2.064E9,11.017
2.066E9,11.018
2.068E9,11.025
2.070E9,11.041
2.072E9,11.053
2.074E9,11.063
2.076E9,11.069
2.078E9,11.071
2.080E9,11.076
2.082E9,11.093
2.084E9,11.106
2.086E9,11.117
2.088E9,11.124
2.090E9,11.129
2.092E9,11.131
2.094E9,11.149
2.096E9,11.163
2.098E9,11.175
2.100E9,11.184
